,p_val,avg_log2FC,pct.1,pct.2,p_val_adj,cluster,gene
1,0,1.32708856691209,0.921,0.516,0,0,C1qtnf3
2,0,1.02288005448485,0.985,0.739,0,0,Mfap5
3,0,1.0158619711716,0.92,0.595,0,0,Egfl6
4,0,0.962504656003457,0.797,0.409,0,0,Igfbp3
5,0,0.91233021665064,0.985,0.721,0,0,Sfrp1
6,0,0.862125220457426,1,0.953,0,0,Fbln2
7,0,0.787616161872195,0.984,0.831,0,0,Mfap2
8,0,0.746761861250657,0.987,0.888,0,0,Aspn
9,0,0.744732756716953,1,0.98,0,0,Fstl1
10,0,0.743333785849003,0.762,0.37,0,0,Pcsk5
11,0,0.687486588666849,0.997,0.946,0,0,Fbn1
12,9.38759952180087e-304,0.909110455236353,0.99,0.867,1.74534250309322e-299,0,Postn
13,1.72120802700662e-291,0.717656439378622,0.852,0.57,3.20006996381072e-287,0,Efemp1
14,5.70315341247867e-260,0.737694194460071,0.951,0.832,1.06033028244803e-255,0,Plagl1
15,8.80209554711008e-226,0.688075760480355,0.96,0.84,1.63648560411871e-221,0,Mfap4
16,4.33438974850127e-203,0.702426915953459,0.947,0.785,8.05849742041355e-199,0,Igf1
17,3.16389284380722e-171,0.715179327805758,0.976,0.904,5.88230957520639e-167,0,Col8a1
18,1.18386011352273e-131,0.732000138976619,0.943,0.864,2.20103272306147e-127,0,H19
19,3.40542783652623e-128,0.861988616333201,0.746,0.56,6.33137143366956e-124,0,Mest
20,1.63349486261185e-74,0.660033482974446,0.357,0.196,3.03699364856794e-70,0,Slpi
21,9.42124136896671e-265,0.605003397145664,0.999,0.934,1.75159719531829e-260,1,Cyp51
22,2.68307320405272e-210,0.455935926769409,0.999,0.98,4.98836970097483e-206,1,Scd2
23,1.77867417633651e-205,0.586316825602047,0.988,0.816,3.30691102864485e-201,1,Tnc
24,8.07738818351001e-191,0.490778271583997,0.963,0.784,1.50174801107818e-186,1,Hmgcr
25,9.66118912771548e-189,0.541672400074471,0.975,0.835,1.79620828262486e-184,1,Zyx
26,5.17320411733618e-180,0.484411002725989,0.971,0.815,9.61802109495143e-176,1,Thy1
27,5.11289090593053e-175,0.446107053755301,0.984,0.896,9.50588677230604e-171,1,Acly
28,1.29907879617337e-170,0.505913938854122,0.999,0.954,2.41524729784553e-166,1,Fbln2
29,1.78274063748623e-170,0.458856830552434,0.991,0.884,3.31447139321439e-166,1,Msmo1
30,5.60882446033465e-169,0.476774655029359,0.997,0.945,1.04279264366542e-164,1,Hmgcs1
31,2.01165712134955e-165,0.469774958782411,0.973,0.846,3.74007292001308e-161,1,Idi1
32,4.8664099055692e-160,0.549009271156527,0.977,0.727,9.04762929643426e-156,1,Sfrp1
33,9.28125655785994e-159,0.458813111623416,0.998,0.959,1.72557121923732e-154,1,Hspa5
34,3.8220016218324e-156,0.439586842849687,0.734,0.437,7.1058654153108e-152,1,F3
35,4.63940220059415e-144,0.540661746988544,1,0.979,8.62557657134464e-140,1,Acta2
36,5.81948070664467e-143,0.503184029672045,0.999,0.972,1.08195785297938e-138,1,Tagln
37,5.45979266852816e-137,0.500887971658798,0.719,0.448,1.01508465293276e-132,1,Cnn1
38,2.01399909830921e-118,0.475945589862651,0.513,0.266,3.74442712357648e-114,1,Ctgf
39,6.00645432608687e-116,0.441175922764464,0.945,0.825,1.11671998830607e-111,1,Vcl
40,3.11906255806586e-99,0.538973387203609,0.898,0.694,5.79896110795604e-95,1,Ptx3
41,0,0.84123227967376,0.793,0.287,0,2,Msx2
42,0,0.835185475080637,0.958,0.61,0,2,Ptprd
43,4.5109570565192e-293,1.69682566405674,0.965,0.773,8.3867713594805e-289,2,Sfrp2
44,8.82987668555134e-281,0.913393091191898,0.867,0.511,1.64165067337771e-276,2,Abi3bp
45,1.27209987849838e-267,0.70233233703523,0.979,0.852,2.36508809410419e-263,2,Adgrl2
46,2.28171612797282e-264,0.798107166240895,0.985,0.823,4.24216662512706e-260,2,Tnmd
47,9.99530178640595e-253,0.857487656874087,1,0.99,1.85832650812859e-248,2,Fn1
48,9.2642910126091e-220,1.01828603515738,0.984,0.912,1.72241698506428e-215,2,1500015O10Rik
49,4.93667706505722e-215,0.715881233236475,0.995,0.948,9.17826999935438e-211,2,Thbs2
50,1.62614868173642e-214,0.607352606531709,0.575,0.259,3.02333562908436e-210,2,Id4
51,1.32756439986169e-198,0.649006794771299,0.91,0.702,2.46820773222285e-194,2,Apod
52,1.38932084062196e-189,0.59929809467496,0.683,0.356,2.58302530688434e-185,2,Sorbs2
53,2.35864865566009e-188,0.691268411567197,0.963,0.789,4.38519958060324e-184,2,Igf1
54,2.60503242296434e-184,0.608049245119976,0.92,0.825,4.84327628077531e-180,2,Kifap3
55,4.57615693111822e-182,0.855491777988933,0.982,0.92,8.50799096633499e-178,2,Lum
56,5.84299044067182e-179,0.765723057309593,0.997,0.983,1.08632878272971e-174,2,Basp1
57,1.5105226610455e-169,0.705770172932983,0.992,0.963,2.80836373141579e-165,2,Col12a1
58,6.93477864216129e-156,0.572826885722243,0.844,0.678,1.28931404515063e-151,2,Zic1
59,7.53512538941325e-152,0.742413707757158,0.993,0.944,1.40093051239971e-147,2,Dcn
60,4.30288951068974e-107,0.749718281805922,0.657,0.434,7.99993217827436e-103,2,Cxcl14
61,0,1.74611965813992,0.862,0.163,0,3,Cenpf
62,0,1.71689164131628,0.948,0.528,0,3,Hmgb2
63,0,1.64188566532326,0.949,0.222,0,3,Tpx2
64,0,1.62945847024067,0.993,0.276,0,3,Cenpa
65,0,1.61425345050216,0.991,0.314,0,3,Birc5
66,0,1.60651386149269,0.929,0.21,0,3,Mki67
67,0,1.54602338349787,0.951,0.425,0,3,Cks2
68,0,1.46182386388778,0.824,0.158,0,3,Cenpe
69,0,1.45711201385214,1,0.961,0,3,H2afz
70,0,1.36642121163463,0.808,0.262,0,3,Ube2c
71,0,1.32517579301486,0.988,0.34,0,3,Pclaf
72,0,1.31735867269463,0.884,0.176,0,3,Cdc20
73,0,1.27986502802001,0.896,0.142,0,3,Hmmr
74,0,1.26536551057656,0.904,0.202,0,3,Cdca8
75,0,1.24774238406142,0.994,0.841,0,3,Tubb4b
76,0,1.22576120745113,0.984,0.34,0,3,Cdca3
77,0,1.1565622783959,0.998,0.795,0,3,Stmn1
78,0,1.15577881481427,0.894,0.193,0,3,Anln
79,0,1.14657254880992,0.861,0.161,0,3,Ccnb1
80,3.44968847624795e-209,1.2190222645548,0.646,0.27,6.41366081504019e-205,3,Top2a
81,0,1.63183537700352,0.879,0.426,0,4,Dlk1
82,1.73017747370804e-268,1.28816210708315,0.997,0.877,3.21674595911799e-264,4,Postn
83,7.70240746611462e-265,0.997712763462828,0.93,0.552,1.43203159610003e-260,4,Emb
84,4.07953197999908e-258,1.20699272585169,0.994,0.743,7.58466585721429e-254,4,Sfrp1
85,1.55980001839184e-231,0.80027196077606,0.902,0.488,2.8999801941941e-227,4,Cyp1b1
86,2.21557988380894e-168,0.917459219238956,0.703,0.339,4.11920611997759e-164,4,Plac8
87,8.39553432266565e-165,0.780331064266256,0.983,0.761,1.56089774127e-160,4,Mfap5
88,6.42940753768644e-161,0.779667064803916,0.974,0.829,1.19535544940666e-156,4,Gas1
89,1.3465429509158e-148,1.02507301476637,0.855,0.557,2.50349265434266e-144,4,C1qtnf3
90,8.53577338911666e-146,0.707415094186757,0.996,0.94,1.58697098850457e-141,4,Meg3
91,9.07178605559223e-143,0.947323438757182,0.887,0.626,1.68662646345571e-138,4,Egfl6
92,9.63923122173227e-136,0.78624955440877,0.842,0.553,1.79212586874446e-131,4,Fst
93,6.16038874715244e-128,0.862211559096262,0.89,0.719,1.14533947587058e-123,4,Gas6
94,6.25401193211063e-118,0.805734120575784,0.934,0.807,1.16274589841801e-113,4,Plpp3
95,3.77459369659764e-112,1.08858135364778,0.986,0.956,7.01772460071434e-108,4,Ptn
96,1.31594402086775e-101,0.813832984332441,0.399,0.157,2.44660312359732e-97,4,Eln
97,7.09006010209526e-87,1.00163674051889,0.865,0.712,1.31818397418155e-82,4,Timp3
98,3.45358989452691e-85,0.719236823543298,0.939,0.788,6.42091433190443e-81,4,Ly6a
99,1.92527673697424e-46,0.775680195616855,0.354,0.191,3.57947450938251e-42,4,Xist
100,1.904876552626e-39,0.751770177020086,0.701,0.58,3.54154648664226e-35,4,Mest
101,0,1.91596688070692,1,0.987,0,5,Fabp5
102,0,1.77934209995215,0.996,0.868,0,5,Itm2a
103,0,1.60271954845269,0.999,0.983,0,5,Mgp
104,0,1.41094309579856,0.982,0.685,0,5,Fmod
105,0,1.3002189310886,0.998,0.913,0,5,Col11a1
106,0,1.23672355936215,1,0.95,0,5,Thbs2
107,0,1.2076420902394,0.943,0.62,0,5,Alcam
108,2.21890206724404e-289,1.06339916035854,0.634,0.183,4.12538272342012e-285,5,Matn4
109,6.78898005517503e-265,1.21627433583319,0.957,0.647,1.26220717185814e-260,5,Ccnd1
110,2.85320710092015e-241,1.00923600302878,0.943,0.586,5.30468264203075e-237,5,Gja1
111,5.75414790800839e-240,0.980892441948809,0.552,0.16,1.06981117905692e-235,5,Clu
112,1.37919988112023e-238,1.17577542126679,0.876,0.542,2.56420841897874e-234,5,Nrp2
113,1.02205184221793e-181,1.05862318721395,0.941,0.735,1.90019878505157e-177,5,Cxcl12
114,1.11886276954006e-178,1.07407166912887,0.974,0.826,2.08018966112888e-174,5,Cdkn1c
115,1.42834158695632e-162,0.95433866163969,0.852,0.532,2.65557267846919e-158,5,Abi3bp
116,5.23618939275734e-157,0.959222075596522,0.991,0.87,9.73512331901444e-153,5,Igfbp4
117,3.27996024090657e-146,1.25160866419127,0.896,0.646,6.09810207989349e-142,5,Igfbp2
118,6.65877646307663e-105,1.27238019234368,0.36,0.127,1.23799972001521e-100,5,Col2a1
119,1.82607748883116e-96,1.11921763223986,0.345,0.122,3.39504326723489e-92,5,Mmp13
120,3.43594383520143e-32,0.946277294138761,0.392,0.246,6.38810677840651e-28,5,Igfbp5
121,0,2.56018827971092,0.55,0.109,0,6,Mmp13
122,0,1.38744532765249,0.999,0.922,0,6,Lum
123,0,1.31068881508782,0.987,0.63,0,6,Ptprd
124,6.55640510877297e-282,1.20718129852454,0.998,0.951,1.21896683782307e-277,6,Thbs2
125,5.55758275121276e-256,0.756982084034886,1,0.995,1.03326578510548e-251,6,Col1a1
126,4.29681997179758e-244,0.679827008122848,1,0.995,7.98864769156606e-240,6,Col1a2
127,3.9645567034391e-224,1.1951205698346,0.934,0.651,7.37090382303398e-220,6,Ccnd1
128,7.51612206862531e-223,1.10971857244264,0.901,0.543,1.39739741499882e-218,6,Nrp2
129,7.51613499280755e-221,0.85722905961219,0.961,0.699,1.39739981786278e-216,6,Sulf2
130,3.02247203290642e-215,1.11300280965003,0.979,0.889,5.61938000357961e-211,6,Ccnd2
131,7.65676978520501e-213,0.857054976848143,0.976,0.849,1.42354663846531e-208,6,Itgb5
132,1.86543468741228e-199,0.797570765447306,0.914,0.624,3.46821617083692e-195,6,Megf6
133,4.15201828563046e-168,1.33106327523561,0.978,0.909,7.71943239664416e-164,6,Crabp1
134,2.72514698125071e-165,0.865922876694081,1,0.978,5.06659326754132e-161,6,Ctsd
135,1.60568547047e-155,0.691668703888306,0.991,0.935,2.98529042669782e-151,6,Mmp2
136,1.83048623275166e-129,0.75045297385942,0.864,0.628,3.40324000393189e-125,6,Alcam
137,2.57179006805985e-115,0.690968338198981,0.976,0.87,4.78147209453688e-111,6,Itm2a
138,2.87322272028182e-74,0.99971038823245,0.483,0.241,5.34189568154795e-70,6,Igfbp5
139,5.62626970587878e-42,0.705050998057902,0.712,0.598,1.04603606371698e-37,6,Serpine2
140,1.90310750885145e-10,0.756583188283487,0.823,0.774,3.53825748045661e-06,6,Spp1
141,0,2.93866487248106,0.942,0.124,0,7,Hist1h2ap
142,0,2.45760709239289,0.893,0.066,0,7,Hist1h1b
143,0,1.84036140434467,0.983,0.258,0,7,Top2a
144,0,1.6340693704117,0.995,0.356,0,7,Pclaf
145,0,1.49123423676853,0.82,0.117,0,7,Hist1h2ae
146,0,1.41542592966907,1,0.536,0,7,Hmgb2
147,0,1.34956244321203,0.865,0.219,0,7,Hist1h1e
148,0,1.24936276757929,0.974,0.295,0,7,Atad2
149,0,1.06176155585593,0.882,0.186,0,7,Prc1
150,0,1.05828465494638,0.949,0.196,0,7,Mcm3
151,0,1.05001978184125,0.958,0.29,0,7,Cdk1
152,0,1.04224323684348,0.945,0.234,0,7,Rrm2
153,0,1.02258113969473,0.872,0.233,0,7,Mki67
154,0,1.01197916954705,0.914,0.098,0,7,Clspn
155,0,1.00610876113227,0.961,0.333,0,7,Lig1
156,0,0.999814483783477,0.965,0.354,0,7,Smc2
157,0,0.968433096335492,0.985,0.535,0,7,Nasp
158,0,0.945099498301785,0.957,0.404,0,7,Dnmt1
159,0,0.939227385150025,0.987,0.564,0,7,Rrm1
160,9.82235661063371e-295,0.943794664258958,0.992,0.803,1.82617254104902e-290,7,Dek
161,0,2.23745225242984,0.981,0.59,0,8,Gja1
162,0,1.99539417088076,0.976,0.173,0,8,Foxd1
163,0,1.92321169392434,0.989,0.737,0,8,Cxcl12
164,0,1.85371803934706,0.995,0.626,0,8,Col4a1
165,0,1.64193094164232,0.991,0.746,0,8,Lmo4
166,0,1.43681182316621,0.975,0.595,0,8,Col4a2
167,0,1.39479642182443,0.296,0.023,0,8,Elobl
168,0,1.35328461436876,0.863,0.213,0,8,Slc4a4
169,0,1.30948726862645,0.908,0.305,0,8,Atp1b1
170,0,1.24290288251383,0.962,0.467,0,8,Foxp2
171,6.4100416028705e-301,1.73503524042961,0.958,0.565,1.19175493480568e-296,8,Apoe
172,4.22666726792641e-295,1.47235278746683,0.919,0.479,7.85821978452878e-291,8,Kctd12
173,1.43175753258607e-288,1.15606431313251,0.901,0.418,2.66192360458403e-284,8,Fxyd5
174,5.36989699472088e-286,1.21491568655442,0.875,0.414,9.98371249258507e-282,8,Sned1
175,6.85484908058081e-267,1.20513262047985,0.92,0.461,1.27445354106158e-262,8,Smoc2
176,1.66304442811993e-259,2.00360534950518,0.977,0.646,3.09193220076057e-255,8,Igfbp2
177,2.01595539981546e-230,1.56692016630598,0.938,0.664,3.74806427933691e-226,8,Slc6a6
178,4.52232478128096e-226,1.36142554392581,0.895,0.502,8.40790623335757e-222,8,Serpinb1a
179,6.98067924354973e-164,1.21370206177513,0.989,0.828,1.29784788496077e-159,8,Cdkn1c
180,8.25976090564153e-159,1.18396840267561,0.846,0.52,1.53565474757687e-154,8,Ifitm1
181,0,1.87325995036522,0.874,0.195,0,9,Cenpf
182,0,1.67967925450382,0.978,0.346,0,9,Birc5
183,0,1.58611896844339,0.964,0.31,0,9,Cenpa
184,0,1.50962667864551,0.935,0.256,0,9,Tpx2
185,0,1.4301813621094,0.81,0.189,0,9,Cenpe
186,0,1.40109973800654,0.901,0.245,0,9,Mki67
187,0,1.39141729404363,0.891,0.178,0,9,Hmmr
188,0,1.32496682730422,0.909,0.234,0,9,Cdca8
189,0,1.24709847748842,0.834,0.211,0,9,Cdc20
190,4.41068012144524e-285,1.20861724185773,0.954,0.371,8.20033648179099e-281,9,Cdca3
191,3.27703344487776e-262,1.52912484448584,0.954,0.45,6.09266058071674e-258,9,Cks2
192,2.63887217827998e-256,1.24840611084361,0.976,0.37,4.90619115385815e-252,9,Pclaf
193,6.18004903533898e-236,1.36058819118126,0.998,0.805,1.14899471665022e-231,9,Stmn1
194,1.54513965620013e-225,1.37268541197055,0.827,0.286,2.87272364880728e-221,9,Ube2c
195,4.21475531971002e-224,1.28506016582204,1,0.963,7.83607309040487e-220,9,H2afz
196,9.98146077474001e-223,1.34374423773469,0.995,0.849,1.85575318723966e-218,9,Tubb4b
197,1.14539994432569e-155,1.22373802764367,0.634,0.211,2.12952757649033e-151,9,Prc1
198,1.50580993302368e-146,1.33776432104975,0.88,0.551,2.79960182747763e-142,9,Hmgb2
199,9.20009484537462e-138,1.4457162234398,0.703,0.285,1.71048163365205e-133,9,Top2a
200,1.22596374739037e-107,1.19299688209999,0.956,0.879,2.27931179914818e-103,9,Arl6ip1
201,7.60666005807492e-263,1.06909644460522,0.686,0.134,1.41423023799729e-258,10,Il1rl1
202,4.55189949420805e-181,1.49933713550013,0.895,0.426,8.4628915396316e-177,10,Hmga2
203,1.04378981136748e-170,0.797147401072883,1,0.999,1.94061401729442e-166,10,S100a6
204,1.94787121832071e-166,0.992617594882578,0.998,0.981,3.62148216910187e-162,10,Hsp90aa1
205,1.42535301469184e-157,0.983556304652186,0.996,0.967,2.65001632491506e-153,10,Esd
206,3.22876433726197e-149,0.830755457849339,0.996,0.931,6.00291865583746e-145,10,Msn
207,6.63036577844111e-136,0.882745222962119,0.998,0.98,1.23271760552777e-131,10,Ran
208,2.80263768306913e-135,1.1266790813251,0.994,0.85,5.21066398036214e-131,10,Zyx
209,7.5043199731491e-133,0.866381780481969,1,0.961,1.39520316940788e-128,10,Anxa1
210,1.78026637618925e-132,0.800194113690339,0.989,0.909,3.30987124661106e-128,10,Ybx3
211,6.33539441936831e-131,0.852558455075855,0.897,0.46,1.17787653044896e-126,10,Tnfrsf12a
212,4.09894848977208e-124,0.876944406068407,0.994,0.926,7.62076503218424e-120,10,Hspd1
213,1.77731394350871e-121,1.09303457725056,0.71,0.261,3.30438208377139e-117,10,Serpine1
214,6.84176719029803e-121,1.43280447429239,0.346,0.064,1.27202135602021e-116,10,Crct1
215,3.91255795030531e-119,0.927156137355226,0.951,0.671,7.27422774120763e-115,10,Cd44
216,2.7406758084746e-118,1.10644044178317,0.996,0.975,5.09546446311598e-114,10,Timp1
217,1.70558282969569e-102,1.14430608551479,0.824,0.453,3.17101959697022e-98,10,Cavin2
218,5.89902686030593e-98,1.04999438614554,0.996,0.975,1.09674707386808e-93,10,Tagln
219,1.81082655733043e-84,0.804191241548887,0.985,0.823,3.36668873538873e-80,10,Tagln2
220,3.08381117864797e-52,0.792090851326955,0.942,0.794,5.7334217433423e-48,10,Gsto1
221,5.10992463005403e-102,0.772855544265797,0.988,0.999,9.50037187219646e-98,11,Ppia
222,1.44754463277843e-97,0.711916310889236,0.997,0.999,2.69127498126166e-93,11,Lgals1
223,3.43088519158284e-80,0.747954052547221,0.97,0.999,6.37870174819081e-76,11,S100a11
224,7.43388851675822e-77,0.846448300198657,0.973,0.999,1.38210855303569e-72,11,Rps26
225,1.61451551382297e-46,2.17262500717694,0.926,0.998,3.00170724329967e-42,11,Gm42418
226,2.63285784778502e-42,0.865964715294488,0.855,0.997,4.89500931060191e-38,11,Txn1
227,1.88575141730545e-36,0.891834469472109,0.805,0.995,3.50598903505429e-32,11,Mif
228,3.42323379475912e-29,0.705178559110979,0.799,0.996,6.36447627121615e-25,11,Myl12a
229,4.8016343268809e-24,0.766361999545941,0.76,0.991,8.92719854053698e-20,11,Nme1
230,2.0796800958268e-18,0.806749732327659,0.843,0.992,3.86654123416118e-14,11,S100a4
231,4.58648111039775e-18,0.888509655351809,0.76,0.994,8.5271856804515e-14,11,Eif2s2
232,1.01990183957553e-09,0.767465455748144,0.704,0.99,1.89620150013882e-05,11,Psma7
233,2.86909043289194e-09,0.843514520220578,0.636,0.966,5.3342129328327e-05,11,Usmg5
234,1.77172358572951e-06,0.732786880337066,0.852,0.991,0.032939884905883,11,Fabp5
235,7.54568666197808e-06,0.707538244745838,0.322,0.62,0.140289406419496,11,Dut
236,7.8732189648355e-06,0.736006318727451,0.311,0.571,0.146378886994222,11,Hmgb2
237,3.11983173922171e-05,0.813236245552572,0.666,0.97,0.580039116956101,11,Anxa1
238,3.7899230163902e-05,0.783365538817793,0.636,0.962,0.704622487207265,11,Ranbp1
239,0.000577268193264689,1.60447130580807,0.417,0.503,1,11,AY036118
240,0.000666606242352116,0.786442009052515,0.183,0.33,1,11,Lars2
241,8.22374876604363e-96,1.27779392374737,0.989,0.807,1.52895937058283e-91,12,Igf1
242,6.74892482239764e-93,1.42589225614457,0.989,0.84,1.25476010298017e-88,12,Tnmd
243,6.16919505194004e-90,0.873602840564481,0.746,0.286,1.14697674405669e-85,12,Cpxm2
244,3.09963414759087e-88,1.47868986428287,0.958,0.639,5.76283980720095e-84,12,Nov
245,3.64228938416277e-87,1.93180089709108,0.926,0.583,6.77174442303542e-83,12,Mest
246,1.39836486855589e-79,1.44005231359188,1,0.984,2.59983996361911e-75,12,Mgp
247,2.28975793067739e-75,1.27578544563715,1,0.958,4.2571179447154e-71,12,Ptn
248,3.87063661786174e-73,0.812218701150169,0.792,0.395,7.19628759992855e-69,12,Ecscr
249,1.25584099706775e-71,1.18981205687823,0.989,0.919,2.33485958174835e-67,12,1500015O10Rik
250,2.27205051654095e-70,0.784201654991749,1,0.963,4.22419632035294e-66,12,Zfhx3
251,7.21171473610231e-66,0.921554565893403,1,0.997,1.34080200373614e-61,12,Tpm1
252,8.25284257298136e-65,0.825256316981139,0.993,0.944,1.53436849116869e-60,12,Meg3
253,2.82936779970987e-57,1.02641556633009,0.979,0.831,5.2603606132206e-53,12,Ogn
254,5.61549858725215e-56,0.87928604631394,0.993,0.917,1.04403349734192e-51,12,Col11a1
255,3.00686889646226e-51,0.759471031045064,0.982,0.862,5.59037065230263e-47,12,Cryab
256,4.7717717461259e-44,0.902169553722819,0.795,0.464,8.87167803039728e-40,12,Igfbp3
257,7.86846991126598e-41,0.768168908375602,0.993,0.977,1.46290592590257e-36,12,Thbs1
258,3.10561199129119e-35,0.906303145560452,0.866,0.574,5.77395381420858e-31,12,C1qtnf3
259,1.54069543238905e-32,0.817918823768583,0.912,0.747,2.86446094789771e-28,12,Rflnb
260,1.39990651746612e-21,0.758843447337304,0.509,0.3,2.60270619727301e-17,12,Tgfb2
261,0,1.37429351630956,0.841,0.111,0,13,Ifit3b
262,0,1.0980832771649,0.523,0.024,0,13,Rsad2
263,4.19975758982555e-303,1.86394323763737,0.942,0.176,7.80818931100366e-299,13,Iigp1
264,4.92409819720919e-286,1.69577690980465,0.245,0.007,9.15488336825133e-282,13,Cxcl10
265,6.7509507329388e-279,2.67615776219956,0.989,0.236,1.25513676026798e-274,13,Ifit3
266,4.53234302659231e-230,1.08361106938378,0.83,0.159,8.42653215504043e-226,13,Gm4951
267,6.57471761336715e-224,1.04805857132819,0.848,0.178,1.22237149867722e-219,13,Usp18
268,2.69279758857198e-214,1.08448137697678,0.83,0.179,5.00644927667303e-210,13,Irf7
269,1.82435369205939e-209,1.03715629893415,0.675,0.108,3.39183838427682e-205,13,Ifi44
270,1.60600721939308e-198,0.996087489094645,0.773,0.158,2.98588862229561e-194,13,Trim30a
271,1.77286989255463e-197,2.7360120955159,0.989,0.398,3.29611970423758e-193,13,Ifit1
272,3.29360196617066e-165,1.24170121634494,0.931,0.352,6.1234647755045e-161,13,Oasl2
273,6.89556558788278e-161,1.86875812375405,0.957,0.429,1.28202355409917e-156,13,Isg15
274,1.05410517775189e-158,1.1340420524804,0.838,0.256,1.95979234647631e-154,13,Gbp7
275,1.80904079659643e-149,0.968577179223155,0.942,0.341,3.36336864903208e-145,13,Rtp4
276,3.52333701524253e-139,1.31893706180693,0.942,0.475,6.55058817873892e-135,13,Rnf213
277,2.77615340000227e-119,1.42304748222142,0.809,0.307,5.16142440128422e-115,13,Gbp2
278,9.96229338247355e-119,1.10590904200128,0.939,0.528,1.85218958566948e-114,13,Stat1
279,1.75880506460743e-118,1.55447636277337,0.993,0.798,3.26997037611814e-114,13,Bst2
280,3.54574435365735e-30,0.959349850636729,0.801,0.532,6.59224790231975e-26,13,Ifi27l2a
281,1.55351234798697e-15,0.37328319862409,0.393,0.136,2.88829015737738e-11,14,Mmp13
282,7.02555508370741e-14,0.486512365586306,1,0.999,1.30619120116288e-09,14,Actb
283,1.64616413298003e-13,1.01802923659652,0.938,0.776,3.06054835603647e-09,14,Spp1
284,2.05014327277813e-12,0.35753394301877,1,0.984,3.81162637274911e-08,14,Mgp
285,2.56075904054618e-12,0.507378140620808,0.92,0.877,4.76096320818346e-08,14,Itm2a
286,2.74366955336501e-12,0.58512766042277,0.893,0.668,5.10103043361623e-08,14,Ccnd1
287,1.12302009277329e-10,0.636070331919743,0.991,0.976,2.08791895648409e-06,14,Timp1
288,6.96175985554968e-10,0.312295392397925,0.991,0.985,1.2943303923438e-05,14,Timp2
289,1.02734400356138e-08,0.310811384680888,0.955,0.895,0.000191003797142132,14,Ccnd2
290,1.2041085591039e-08,0.462883764233039,0.777,0.553,0.000223867863308597,14,Abi3bp
291,1.30187706047565e-08,0.546162397522298,0.339,0.143,0.000242044983083633,14,Col2a1
292,2.85579728901867e-08,0.517492710279981,0.732,0.473,0.000530949831974351,14,Tnfrsf12a
293,3.53291418659578e-08,0.300552612422456,1,0.996,0.000656839405571887,14,Col1a1
294,2.41667381038588e-07,0.342684294507037,1,0.997,0.00449307994826942,14,Tpm1
295,1.75625626095844e-06,0.42540943937418,0.991,0.975,0.0326523164037393,14,Tagln
296,7.433494708204e-06,0.385739178794029,0.911,0.788,0.138203533614929,14,Slc39a1
297,2.71127910436949e-05,0.359954557955902,0.929,0.843,0.504081011084376,14,Insig1
298,9.52772545543458e-05,0.300421355801568,0.277,0.151,1,14,Il1rl1
299,0.000321242774378268,0.316487581145252,0.616,0.478,1,14,Slc20a1
300,0.000707412380850379,0.32567108978245,0.67,0.506,1,14,Notch2
301,0,4.83721150818959,1,0.01,0,15,Fcer1g
302,0,4.52419504550049,0.917,0.002,0,15,C1qa
303,0,4.51020529718894,1,0.002,0,15,Tyrobp
304,0,4.42996646011832,0.917,0.002,0,15,C1qb
305,0,4.16909133774484,0.958,0.007,0,15,Pf4
306,0,3.5984781985709,0.958,0.002,0,15,C1qc
307,0,3.59329556941029,0.917,0.009,0,15,Mrc1
308,0,3.31406545220864,1,0.012,0,15,Cd68
309,0,3.07157292950223,0.917,0.001,0,15,Ms4a7
310,0,3.05686140546218,1,0.015,0,15,Lcp1
311,0,3.02776132711392,0.958,0.003,0,15,Trem2
312,0,2.94480500996508,0.917,0.002,0,15,Ccl12
313,6.16574358073387e-40,4.55651040231502,0.917,0.126,1.14633504653004e-35,15,Ccl2
314,1.47425243135589e-37,6.73472138846918,1,0.172,2.74093012037687e-33,15,Lyz2
315,5.68972231718437e-20,3.8283735704582,0.917,0.305,1.05783317321092e-15,15,Ccl7
316,1.58418653642822e-17,4.06249533682063,1,0.651,2.94531960852734e-13,15,Lgals3
317,1.10291312710686e-16,3.11740035095979,1,0.998,2.05053608591707e-12,15,Fth1
318,4.39271759963122e-16,3.37862937051456,1,0.938,8.16694056123437e-12,15,Ctsb
319,6.06888389068599e-09,3.29120258999862,1,0.777,0.000112832689295634,15,Spp1
320,8.49458349183201e-06,3.00920002632943,0.708,0.587,0.157931296280141,15,Apoe
321,3.82331825383875e-14,5.05288159574159,1,0.988,7.108313297537e-10,16,Malat1
322,1.58725101866044e-13,3.27516265662686,1,0.996,2.95101709389348e-09,16,Gm42418
323,5.50923994716925e-11,3.40258680771599,0.952,0.917,1.02427789097771e-06,16,Neat1
324,6.01696888154769e-09,2.38938584517073,0.857,0.864,0.000111867485445735,16,Arglu1
325,1.83356405541532e-08,2.88628623963383,0.81,0.622,0.000340896229182816,16,Zcchc7
326,2.32032809451619e-08,2.21246551029515,0.857,0.961,0.00043139539933245,16,Son
327,2.31249676902946e-06,2.83761274592201,0.81,0.945,0.0429939399297958,16,Meg3
328,7.51945454025999e-06,2.66238940403568,0.619,0.356,0.139801698812514,16,AC149090.1
329,2.05495284608526e-05,2.63678775278474,0.667,0.495,0.382056833144171,16,Mdm4
330,2.1216920232426e-05,2.33422236262858,0.762,0.864,0.394464980961263,16,Kcnq1ot1
331,2.64399107609415e-05,3.13241366556487,0.667,0.501,0.491570820867424,16,AY036118
332,2.9543862092809e-05,2.47838145118264,0.714,0.685,0.549279484029504,16,Ogt
333,5.79192207105226e-05,7.54228344023051,0.714,0.721,1,16,Gm26917
334,5.79575020856721e-05,2.14593696266089,0.762,0.942,1,16,Luc7l2
335,0.000539240935896693,2.07522701689157,0.571,0.42,1,16,Leng8
336,0.000540005979584755,2.05672818948817,0.667,0.706,1,16,Ttc14
337,0.000682483656059679,2.32671389763482,0.429,0.213,1,16,Gm26699
338,0.000849608698239923,2.66455505013847,0.619,0.564,1,16,Gm26523
339,0.00123157203132036,2.01432118068027,0.667,0.783,1,16,Rsrp1
340,0.00710950318797815,2.61518001508245,0.619,0.737,1,16,Nfat5
